dates,01,02,04,05,06,08,09,10,11,12,13,15,16,17,18,19,20,21,22,23,24,25,26,27,28,29,30,31,32,33,34,35,36,37,38,39,40,41,42,44,45,46,47,48,49,50,51,53,54,55,56
2020-01-25,,,,,,,,,,,,,,,,,,,,,,,,,,,,,,,,,,,,,,,,,,,,,,,,,,,
2020-02-01,0.0,0.0,0.013738684990775159,0.0,0.0075925872356004875,0.0,0.0,0.0,0.0,0.0,0.0,0.0,0.0,0.007891525614195465,0.0,0.0,0.0,0.0,0.0,0.0,0.0,0.014508517442792551,0.0,0.0,0.0,0.0,0.0,0.0,0.0,0.0,0.0,0.0,0.0,0.0,0.0,0.0,0.0,0.0,0.0,0.0,0.0,0.0,0.0,0.0,0.0,0.0,0.0,0.0,0.0,0.0,0.0
2020-02-08,0.0,0.0,0.0,0.0,0.0075925872356004875,0.0,0.0,0.0,0.0,0.0,0.0,0.0,0.0,0.0,0.0,0.0,0.0,0.0,0.0,0.0,0.0,0.014508517442792551,0.0,0.0,0.0,0.0,0.0,0.0,0.0,0.0,0.0,0.0,0.0,0.0,0.0,0.0,0.0,0.0,0.0,0.0,0.0,0.0,0.0,0.0,0.0,0.0,0.0,0.0,0.0,0.0,0.0
2020-02-15,0.0,0.0,0.0,0.0,0.005061724823733659,0.0,0.0,0.0,0.0,0.0,0.0,0.0,0.0,0.0,0.0,0.0,0.0,0.0,0.0,0.0,0.0,0.0,0.0,0.0,0.0,0.0,0.0,0.0,0.0,0.0,0.0,0.0,0.0,0.0,0.0,0.0,0.0,0.0,0.0,0.0,0.0,0.0,0.0,0.0,0.0,0.0,0.0,0.0,0.0,0.0,0.0
2020-02-22,0.0,0.0,0.0,0.0,0.005061724823733659,0.0,0.0,0.0,0.0,0.0,0.0,0.0,0.0,0.0,0.0,0.0,0.0,0.0,0.0,0.0,0.0,0.0,0.0,0.0,0.0,0.0,0.0,0.0,0.0,0.0,0.0,0.0,0.0,0.0,0.0,0.0,0.0,0.0,0.0,0.0,0.0,0.0,0.0,0.0,0.0,0.0,0.0,0.0,0.0,0.0,0.0
2020-02-29,0.0,0.0,0.0,0.0,0.005061724823733659,0.0,0.0,0.0,0.0,0.0,0.0,0.0,0.0,0.0,0.0,0.0,0.0,0.0,0.0,0.0,0.0,0.0,0.0,0.0,0.0,0.0,0.0,0.0,0.0,0.0,0.0,0.0,0.0,0.0,0.0,0.0,0.0,0.023709396768930826,0.0,0.0,0.0,0.0,0.0,0.0,0.0,0.0,0.0,0.07879296531152834,0.0,0.0,0.0
2020-03-07,0.0,0.0,0.04121605497232548,0.0,0.1746295064188112,0.1389193739737331,0.0,0.0,0.0,0.032591888055990254,0.04709240650956452,0.07062785336527595,0.0,0.03156610245678186,0.014853943402613612,0.0,0.0,0.0223830168412057,0.0,0.0,0.04962220957774807,1.0155962209954787,0.0,0.017731653412846795,0.0,0.0,0.0,0.05169540241769058,0.06493177618276477,0.1470900801714482,0.045033938702054334,0.0,0.3906739748059494,0.019069259933463537,0.0,0.0,0.02527185566939965,0.11854698384465413,0.015622572398710857,0.28318958315437326,0.03884465130516086,0.0,0.014643059321669061,0.027590125645777067,0.03119192453550546,0.0,0.0,1.2475552840991988,0.0,0.0,0.0
2020-03-14,0.3059235986404755,0.1366969906157516,0.10990947992620127,0.39764013832574946,0.7364809618532473,1.649667565938081,0.6451093558526986,0.616165723933109,0.0,0.321262896551904,0.6404567285300774,0.21188356009582787,0.1119153472313542,0.457708485623337,0.22280915103920418,0.5388153036224236,0.27460136463148155,0.3357452526180855,1.6563435592112707,0.22317908187101437,0.3969776766219846,3.235399389742739,0.36047377067680053,0.3546330682569359,0.20160280953675372,0.06036486638010459,0.46782400086828135,0.8788218411007399,0.584385985644883,0.3677252004286205,0.7318015039083829,0.6199837945774309,2.472555024758706,0.28603889900195306,0.1312229188701182,0.22242944281424576,0.07581556700819896,0.7112819030679248,0.3515078789709943,1.604740971208115,0.33017953609386735,0.904303240005471,0.453934838971741,0.17933581669755094,0.2807273208195491,0.8012961766954225,0.43348272085153816,7.091366878037551,0.0,0.4637235905121467,0.3455669803838904
2020-03-21,2.732917481188248,2.050454859236274,1.2639590191513148,3.64503460131937,2.6320969083415027,6.459750889778591,4.796247819600498,4.005077205565208,13.885956621971834,3.1986610134950437,4.53970798752202,2.2600913076888305,2.238306944627084,5.437261148180676,1.6636416610927245,1.6481409287274134,1.6819333583678244,1.5891941957256048,14.756515345700413,4.984332828452655,2.74576226330206,24.824073344618057,5.89775141468432,2.003676835651688,4.502462746320832,1.2827534105772225,2.058425603820438,1.0339080483538114,4.577690220884916,3.9714321646291015,14.163173721796088,2.0030245670963156,50.648824654776575,2.431330641516601,3.5430188094931907,1.8906502639210887,1.238320927800583,2.3946490736620136,2.7495727421731107,4.342240275033723,3.010460476149967,0.6782274300041032,3.982912135493985,1.8002556983869538,3.368727849834589,7.051406354919718,1.405889905464448,15.115117178928186,0.6695879300079737,4.379611688170274,3.628453294030849
2020-03-28,13.29747908757267,10.388971286797121,9.191180258828583,9.510226641624174,9.359129199083533,27.54076589029259,37.30414970800387,17.355334557449236,29.188847593124468,13.967952023995824,17.05686963776427,7.980947430276183,10.743873334210004,21.606997131667185,16.41360745988804,7.258159089972648,7.173960650997455,6.558223934473271,54.89595796243069,10.489416847937676,13.265670693784651,70.99017584758396,42.706128664904284,5.443617597743966,17.573044897953697,11.695692861145263,9.54360961771294,2.9983333402260537,15.096637962492808,9.266675050801236,110.29937436600659,7.296732351565149,215.84737108028702,7.799327312786588,8.6607126454278,9.915220162373494,8.188081236885486,8.108613694974343,19.106406043623377,16.330599295235526,9.439250267154089,6.10404687003693,17.674172601254558,6.4595381668175555,15.09689147518464,25.96199612493169,6.830281790714777,29.376643900314818,4.687115510055816,13.276234646884792,10.194225921324767
2020-04-04,18.885683489405356,10.935759249260128,17.11840149850585,11.067650516733359,19.555973856494987,43.48176405377847,105.23696970257934,38.921134895108054,84.73267408101181,36.19561967818118,35.73371805945755,14.266826379785742,44.09464680915356,54.18321486706606,40.40272605510902,15.498863733609715,14.828473690100004,12.019680043727462,197.49208074180098,18.226291686132843,35.23176880020114,120.30462663563586,98.57956311980837,7.518221047047041,26.61157085885149,24.266676284802042,12.724812823617253,11.63146554398038,36.231931109982746,25.961399150260604,258.94514753681244,14.211936214159572,315.7930828191301,14.587983849099606,12.072508536050872,19.958765003293667,19.813134844809326,9.957946642950947,59.357963828901894,53.52283121617654,24.413863345293603,16.27745832009848,26.518580431542674,14.181324581929413,25.76452966632751,40.06480883477113,19.530153936743623,42.24616156786445,10.378612915123592,16.74557410182752,18.142266470154244
2020-04-11,33.01935374659533,12.16603216480189,18.876953177325067,16.07128892399904,22.474058217377443,40.42553782635634,174.85268366894445,90.98713856745576,124.12344898823802,32.39168074364632,56.5014693301755,8.05157528364146,20.928169932263238,69.62693049404659,51.72143092790059,22.915497912883076,19.805623424045606,17.369221068775627,161.71936205390043,11.902884366454101,75.57462518691032,176.23496137760114,97.77851029608215,9.9651892180199,39.88375582002111,29.02040951223528,10.479257619449502,19.54086211388704,31.16725256772709,25.373038829574813,270.5076112985649,27.899270755984393,345.4020577517916,18.11579693679036,14.040852319102646,21.481551188714274,17.86720195826555,11.19083527493535,88.07225189773246,145.65384226906596,25.132489394439077,46.797692670283126,26.503937372221003,22.26523139614209,24.29850921315875,40.06480883477113,31.281050396583968,41.852196741306805,16.460703279362686,20.31796324355072,12.785978274203941
2020-04-18,29.409455282637712,7.928425455713593,18.28618972272174,17.098525948007225,22.256404049956895,44.22845568888728,169.41132649349126,108.75325027419375,125.82377020725498,32.58257608797426,51.8958319735401,7.698436016815079,14.493037466460368,78.75742562967075,47.62174254877924,31.79010291372299,18.741543136098613,22.69637907698258,76.70806665126482,17.184789304068108,76.61669158804303,222.2559787061391,75.40911019352735,13.866152968846196,44.75582371715932,19.89022347224446,4.584675208509157,28.43247132972982,29.998480596437325,33.610083319175914,261.9736799145256,33.71758021278797,289.80298260046067,18.96437900382949,30.83738593447777,33.98037487916093,15.08729783463159,11.214544671704282,77.58950581819747,202.19736237222253,20.140951701725907,103.54272098062644,21.334937431671825,19.59243797420744,22.146266420208875,14.743849651195776,34.86606965551831,17.62335990801184,11.606190786804877,16.934498527591725,8.293607529213368
2020-04-25,30.30683117198311,3.41742476539379,21.459825955590798,38.67050345217913,30.008435617504997,61.2634439224163,197.26322172660994,106.59667024042787,146.36931827037657,24.895546490768556,52.300826669522344,2.1894634543235547,12.982180278837086,99.5673786743042,55.82111930702195,81.74145106130767,45.10327414072084,27.03868434417649,63.07012098191488,8.7783772202599,89.98160670098318,215.88673954875316,67.66893728427273,21.934055271691484,58.599216638683075,21.052247150061476,1.777731203299469,75.99224155400515,29.64135582743212,33.46299323900446,271.0817940170161,41.10969468659581,229.98360043181813,22.930785069989906,36.0863026892825,45.89746002686263,18.423182782992342,9.697143278492709,74.21503018007591,249.01804012041222,19.519437280843334,68.38793252541375,38.071954236339565,18.792324330479904,32.158874196106126,6.41036941356338,50.53002635223471,20.26292424594804,12.554773687649506,25.556322321558305,31.44659521493402
2020-05-02,29.08313677742121,3.554121756009541,28.54898741083078,15.27600864734754,27.78633841988592,56.5575501290561,131.93888738830842,150.13904806503425,155.57939154005177,21.529270052985563,48.11902097147302,1.0594178004791392,9.736635209127815,132.00944047426174,72.72490689919623,112.54900842136625,60.06904851313658,21.5772282349223,56.53079056632752,13.985889130583569,110.9387198793188,180.5875166104389,66.43731856779365,49.400386408191174,57.89360680530444,20.23732145393006,0.9356480017365627,134.30465548116013,27.59600487767503,46.48046533417763,205.118332303182,51.124817522077386,158.5005439364032,28.60388990019531,45.928021604541364,32.0640596795305,16.60360917479557,9.056989565731577,72.96522438817905,203.89649987114876,24.005994506589413,49.849716105301596,50.84070196483499,23.32745123350451,32.34602574331916,6.8911471195806335,62.937004767958456,22.114558930768954,9.76482397928295,33.886172002980196,15.204947136891175
2020-05-09,41.19771128358404,2.050454859236274,35.66562623605231,12.42625432267967,33.47065539693882,54.69950350215742,103.6943168951055,127.23822199218702,184.90993256809432,21.128855428297683,40.09447490224323,0.7769063870180356,8.057905000657502,138.73302029755627,65.90694687739659,95.97251408051169,66.72813160545002,34.9398892891221,48.98044525096186,18.970221959036223,116.79414060949306,143.6053056487607,42.57595758104877,80.82087625575569,65.08410701211533,23.225382339745238,0.28069440052096883,143.50643711150906,25.388324487461023,42.80321332989142,154.0160703610258,49.88484993292252,103.55430555876119,29.299917887766725,40.810327768606754,37.31681652137461,16.148715772746375,12.447433303688685,63.005834484000886,160.4740971208115,20.238063329988808,90.99551352555052,30.852925990756713,25.786421181684393,34.8725716306951,5.609073236867958,63.94455920020798,21.943840839260645,7.700261195091698,39.141706028784526,12.785978274203941
2020-05-16,42.99246306227483,2.4605458310835284,37.176881585037584,27.536579579058152,30.757570891417576,39.209993304086176,104.31137801809504,130.42174489917474,133.19182882299515,22.395283078473305,43.551057540045264,0.5650228269222076,11.9749421537549,129.20005735560818,52.70179119247309,84.2136624543988,38.10093934261806,27.934005017824713,58.07957934896664,17.85432654968115,106.42309880774371,109.55381521052658,46.45105061582438,74.10057961228677,58.63281710693921,16.01178080732274,0.9356480017365627,109.95612094242787,20.843100154667493,40.082046846719635,86.60026412405048,50.98174433871336,77.67215472786705,35.7739316351776,50.38960084612538,32.312154058054084,18.878076185041536,10.716647339556735,51.749771070729714,136.4029825526898,21.947227987415886,63.97945423038707,36.53443300756431,31.238919762431085,30.100207176762762,2.0833700594080984,76.00006513956562,21.195307668801124,8.202452142597677,38.609282647085394,15.204947136891175
2020-05-23,50.987266440079246,2.733939812315032,32.794241072980306,39.66460379799351,35.024604917825044,40.47763259159649,93.09208487283071,100.84579015038553,130.92473386430586,24.751210986520597,47.374960948621904,0.2825114134611038,9.84855055635917,121.04811139614425,53.786129060863885,81.4561959005664,34.56544677298774,19.764203870784634,60.40276252292529,27.153454960973416,124.50212383056991,87.90710718588008,47.37226136310954,86.45954204104098,63.236081258028406,16.539973388148656,1.029212801910219,90.10508641403467,23.148178209155642,39.199506365690944,90.64206012255985,37.10364555240318,60.112387649747006,43.563724317997455,67.8422490558511,33.655285693509335,18.271551648975947,6.543793508224909,45.49293082504601,143.29392907611285,23.96714985528425,57.08414202534536,36.92979560924938,25.258760028708906,37.180774046322504,3.20518470678169,71.06773472122785,12.830121184893866,13.112763629322819,46.2006095732472,12.440411293820054
2020-05-30,68.54728100204255,4.374303699704051,44.03248539543439,41.023207603939824,43.86237646006401,37.05674300749331,56.09646572632161,91.70599857871106,106.41176962347804,24.66274729036863,38.51217004352186,0.5650228269222076,11.639196112060837,87.76165635546778,49.16655266265105,74.35651189989446,25.537926910727784,25.35995808108606,57.04705349387389,20.011724341100958,107.84560214897249,52.201645759167604,31.8318365828208,77.04403407881932,74.72744140162338,18.939476826757815,2.432684804515063,100.3924714951551,32.173695098559946,29.638651154546814,72.81987888122185,47.6433700602195,50.03711145738305,51.61095200991907,24.801131666452335,31.011797315447726,11.57450989658504,7.041690840372455,36.61930970257825,81.84178953161387,29.114066153218065,56.0668008803392,40.72234797356167,27.997079999052282,39.70731993369844,3.685962412798944,92.10922030634575,27.367423284870842,15.846914343522045,57.58759996248991,14.68659666631534
2020-06-06,54.37282093170052,17.90730577066346,85.08367614787056,69.18938406868041,47.35496658844024,30.38861305675412,50.374626222236806,43.43968353728419,78.21477607478013,34.14698671466179,47.356123986018076,1.5538127740360712,18.801778334867507,62.919133721980444,41.38308631968152,70.80666989955849,23.032189458465513,35.43231565962863,62.575369009682944,18.003112604261826,90.42820658718291,35.99563177556832,26.92538803749768,58.709504449935736,60.81684754358737,24.77977764903293,3.274768006077969,86.1762358302902,31.62177500100644,38.7582361251766,48.2426068345757,56.08468787869684,39.355262514662485,66.59939031762141,34.38040474397096,26.332224037778786,16.199259484085175,9.128117756038368,29.74537784714547,58.71464024067339,41.641466199132445,46.00642733527834,52.876087210546984,39.92291180943941,70.64970907291986,11.05788723839683,67.7873249418108,27.48561273283814,8.202452142597677,40.20655279218279,7.084123097869752
2020-06-13,102.15808703934279,19.82106363928398,126.51955008004845,99.21121451227448,54.23131976148241,20.299593521911753,32.984721847077104,39.434606331718975,62.345111363955176,50.25669138233697,51.28363068891576,3.531392668263798,11.9749421537549,39.30768908430761,37.81813990305425,70.96514498885921,22.62028741151829,25.9195335021162,81.67709732889864,17.333575358648787,63.235235738576975,25.288345902787423,9.232133793444724,47.36124626571379,77.58348120339406,17.958547748081113,4.491110408335501,55.21068978209353,48.89362746562187,20.59261122400275,30.53301043999284,39.15436118062083,27.31633555419494,81.7499173347582,31.7559463665686,23.440641281193592,25.625661648771246,19.133483192527176,26.863013239583317,47.76464302537095,85.78841240744777,52.67566373031869,49.37639603266808,42.919889207711954,68.09197126100841,12.660479591787677,52.3928304769751,27.5250092154939,7.700261195091698,33.4396233602648,19.178967411305916
2020-06-20,88.08560150188092,17.08712382696895,212.49624075231938,100.96745845654654,63.8005105407509,23.11271084487985,20.22277589433894,46.41781786962755,38.965694602471984,94.26039624193182,65.97646151989989,4.661438322108213,36.4284455238058,33.4048279248894,37.40222948778107,56.38543677319362,36.96820871351321,26.523874956828752,66.72698338536833,13.4651379395512,43.849492530203385,19.296328198914097,17.112490946851448,40.694144582483396,43.44540545517042,27.541470285922717,10.29212801910219,55.15899437967585,64.24999253284574,16.106363778773577,25.095162341719778,38.582068447164744,23.861955145384435,83.08476553010064,25.326023341932807,29.172476922945307,49.659196390370305,32.553001763742024,20.668663283494464,36.81464581006852,112.66891111061908,44.31085876026808,71.7070614982134,78.16972348589788,96.28947104110534,3.525703177459859,41.872087684416144,35.28611629867944,12.610572681816837,34.710569497224014,22.289070234760928
2020-06-27,110.13249551057119,24.878852292066792,274.73248376053084,138.11367471181032,89.71654163826723,29.06887900400366,13.771682335811954,42.10465780209579,32.87287690099455,180.41006834193007,105.2609470301786,5.862111829317905,73.75221382546242,39.24455687939405,37.34281371417062,81.67806102558738,52.17425927998149,34.402696884933164,115.81498341290235,16.068893894713035,41.25259689563457,18.686970466316808,21.36808407289701,45.49942265736488,164.30628977245428,37.95440973649076,14.408979226743066,55.21068978209353,109.18278165131896,14.635462977059094,22.956050253372197,56.704671673274255,23.90821916871672,92.74334568639992,27.163144206114463,44.434558691430475,65.90899958579429,31.865429257443033,30.12031958471453,30.58447498067231,158.93289081506566,45.32819990527424,83.84615767587705,125.23502907188784,111.04325134639942,8.493739472971479,44.566710003223,41.747139454224765,15.735316355187381,47.17958159766173,36.80288341088433
2020-07-04,165.87177518286583,42.512764081498744,335.81467722951726,129.19990827767475,106.80998636801579,32.02091570094549,14.332646993075171,92.93833002657729,32.731183466076466,267.75167234797595,172.67843618927117,8.969737377390047,114.6013155649067,43.679594274571905,42.43771630126709,94.70471336610598,78.74194130807733,27.06106736101769,183.27333927896137,18.077505631552164,47.819269296423236,16.612252471997476,29.058191180668754,45.942713992686045,172.80720824125405,45.439653167623725,29.472912054701723,54.383563343410486,169.99139004647816,11.399481213287235,24.31832689910934,68.86589225921618,24.03158989760281,105.29091872261893,42.122556957307935,57.55789581747098,75.86611071953774,43.530452467756994,34.9633170283149,31.150854146981057,222.3273617450882,45.44123781027492,145.96201531839722,165.76147487982863,122.08519263196835,6.089850942885211,45.24622345753082,50.466894282033905,23.602974532781072,64.73237824593633,36.975666901076266
2020-07-11,195.5055744378399,43.60634000642476,348.45426742103035,154.251236992197,166.69778362002057,47.31941175980285,15.98749273200166,76.71263262967207,50.1594759610003,300.1200731715823,198.56042280692782,14.196198526420469,175.4832644587634,59.04439464541047,54.17233158933184,114.0069792429328,95.2866735271241,61.44138122910965,290.6990501192352,9.15034235671159,51.706342380013496,21.70474209441766,37.93986436373326,69.9868360205063,159.43422187531604,60.71196436179019,47.71804808856469,60.53531623111567,170.8679690249455,11.178846093030064,21.683841485039164,81.55171451749285,22.777320820594237,121.21375076706099,60.88743435573484,68.70503289389261,104.39803577028995,45.54575119311612,41.35294913938764,30.301285397517937,219.72477010764243,48.15414753029133,159.11148258925604,208.50202827084303,134.53077052163505,7.211665590258804,54.74769606862805,52.147810875346515,52.50685351145861,79.41695861215429,40.25855321472323
2020-07-18,272.86345508072816,69.85216220464906,293.11484427818806,154.71515048691035,156.87297573715352,55.515654824253104,16.99722911507545,70.4482811030188,55.68551992280542,386.7167197363484,239.97348509143885,10.876689418252498,212.47128671872593,60.693723498777324,67.95679106695727,115.84529027882107,103.18146276027919,68.55918058461306,253.54963029121103,9.299128411292266,78.38655039631605,22.996000146826194,49.745380353398474,69.13571665668965,215.95020948211936,76.93502220144329,74.29045133788307,76.66428178543514,248.00691913007003,12.061386574058753,20.8844890730777,93.61755298119208,27.120998566791965,133.50388879417824,87.13201812975846,82.1876791198638,133.38485422309134,54.48419377500304,43.461996413213605,45.40472983241785,250.8004911517711,46.11946524027902,224.4780994011867,250.69422791464763,139.64624614545792,8.814257943649647,77.2185030576348,89.40375130681416,41.73764763716369,99.71774690790828,46.47875886163325
2020-07-25,244.88164325841265,100.06219713073017,257.9575493867944,180.52862279989026,166.29537649653375,69.47705190861328,24.76658961817099,76.60993834234989,74.10566646215581,358.2407215434289,238.36292478881177,18.787008995163404,197.13888414803043,73.68317465974306,87.13323199973144,113.24629881428937,113.8222656397491,102.51421713272212,325.76190728175953,10.78698895709903,96.73022720355692,25.18678628068787,42.89637871053926,85.4843011033344,306.94027751970754,125.7098342365678,73.72906253684114,98.94500022745976,238.26715270265532,16.694724099459368,23.012342676749768,97.86205742099142,25.162488245725292,129.98561033645422,108.78379974332798,80.1002643488378,126.96580288306383,55.55111662960493,49.484498072916644,40.684903446511626,240.759148789387,50.075791915302965,211.73863779133467,217.8930172875244,133.8445481818539,9.295035649666902,84.77516129950621,76.46857283483826,49.15891386141874,109.66204168222431,58.40081968487747
2020-08-01,247.00271354231992,130.54562603804277,233.02183612853747,172.04563318227426,152.25921356032032,60.39519783508048,29.001872780508272,72.09138970017375,69.14639624002302,305.0461042520448,233.8043798386859,40.75227139176423,183.7650001538836,83.9027003301262,83.21179094144145,107.98492584950571,88.6619156053896,88.61436367433338,269.87644537486494,10.935775011679706,104.38858821505603,30.380835525207605,57.175145293459195,86.83190676271076,299.04416747951797,159.9367134740871,76.91026574274545,103.18402322571039,235.63741576725334,14.635462977059094,35.70065490605357,95.76365073165242,23.476421617615408,123.50206195907661,113.63904774152233,76.16497420673961,193.32969587090733,55.124347487764176,49.62510122450503,75.32842911906329,205.70185098647934,63.52730261038434,254.61351548518164,187.7921902079816,96.0399356448213,4.006480883477113,84.25966833416925,74.74825975886988,53.734431383139885,105.31677988964752,55.80906733199829
2020-08-08,194.87333233398292,75.86682979174213,125.09072684100784,186.8245916567146,120.91195172693776,53.08456577971277,14.304598760212011,64.18392957636553,63.47865884329981,216.73139958832724,220.53373968429062,81.15140351670208,189.52864053629833,96.62383962020928,91.57456107711292,102.7552479025822,98.54756473212294,86.28652992284798,268.1555689497104,6.769765483420771,86.276481719178,29.916562967038246,48.65394588107149,87.11561321731631,227.30716775268982,96.41778282562206,75.60035854031426,95.84327608239835,205.99605993982124,15.003188177487717,27.0203632212326,62.904509619048575,23.532966535021533,106.28252023915904,118.88796449632706,67.43034108699558,135.17915597561873,51.9947071142653,40.59525437805016,67.58791384617707,172.1012276075152,68.95312205041716,181.58857864801803,182.41901323846653,95.10417790875613,5.2885547661897885,98.2717043919649,65.42442553033904,46.03417018804819,101.86461538250154,42.50473858721851
2020-08-15,144.2327793056962,79.55764853836743,89.94717063460497,105.40777333451742,160.97803456920153,43.655413271245635,16.183830362043786,91.80869286603325,71.69687806854844,200.48667138442005,204.76720198488843,104.45859512724314,166.6419520274864,93.53825310505884,94.90184439929835,111.88341304630325,117.46073372111623,97.41088929292721,171.8940439176268,8.629591165679223,84.55624512048271,29.133103025127443,55.98357921816644,76.45888951619538,171.66479232054579,135.56439867311988,72.04489613371533,103.18402322571039,168.4654933061832,11.914296493887305,33.92181432732243,56.60928955103158,23.419876700209283,93.37263126420422,122.82465206243062,65.91610988014475,119.23261504822753,47.6084687120131,45.82100484541894,56.354727047720274,124.73017534087154,72.45729710543837,163.4458281484701,168.71361832392677,80.16324605624902,8.814257943649647,76.8670305812687,57.28248578148111,50.16329575643069,87.98725756273065,36.63009992069237
2020-08-22,160.77304853885792,75.04664784804763,72.00444803665262,139.406005161369,117.53578126950741,35.511264972035534,17.446000840886022,44.36393212318385,53.13503809427998,130.18131286364107,160.62278012282266,108.1312435022375,122.21155917663879,109.29762975660721,83.79109473414339,124.59311520822042,120.24107253800999,92.57615765522678,107.1890903318151,12.944386748518834,63.35102089425838,30.018122589137793,42.67608918401455,78.97678430081963,185.23938149602054,119.9449894972678,67.08596172451155,79.5592243208258,144.83032677565683,8.384134569772547,21.436154822177865,47.691061121340844,21.91886616542853,103.6318931084076,169.54001118019266,55.53036589643343,121.33017906878771,40.11629933303096,36.15844381681627,64.85041454235147,105.13304875741788,114.95954938569551,151.35066114877145,147.3554123083896,77.7614678670151,7.051406354919718,74.06696651955201,48.72031688429503,40.342672782980415,85.06751643728379,54.599582900654674
2020-08-29,190.61079685959228,72.99619298881136,46.60161948870934,138.47817817194226,95.16801927342837,37.45613620766779,27.375075274444946,53.50372369485831,55.40213305296926,99.66599367521822,146.32552550651886,125.92946255028704,112.4189662938953,105.47023983372239,105.71551519640107,241.38925602284579,144.40599262558035,100.96978897067893,112.37323056259322,12.944386748518834,62.375117439229335,33.13745383933819,50.987012230174116,95.57361189524423,159.97182936741405,123.98943554473483,81.86920015194923,101.99502897010352,110.12429240596904,11.178846093030064,22.224248749463815,41.77736954229458,21.78007409543168,109.53382905781457,229.3776621849666,61.21087166676648,120.14240185232593,37.531975085217496,34.49463985635357,62.39610482168024,115.64052693546387,204.25949433623578,149.31527590305944,129.2321485248198,80.84946839603013,8.333480237632394,78.92900244261655,43.12601634717652,43.80221042135494,82.28517489421091,43.541439528370184
2020-09-05,137.84917354739827,67.8017073454128,58.11463751097893,142.8853563717193,84.2169776172806,33.79213771911058,24.4019625909499,55.76299801594637,44.350045129359025,115.76638637487738,129.88085715337894,109.75568412963884,101.05955854991285,134.44003036343395,96.95168858885904,192.64231855394652,139.39451772105582,109.38580330297226,116.48182302764975,10.489416847937676,71.34019663627582,25.89770363538471,60.62968559577853,99.70508714043753,149.48848327150287,150.95743960004654,85.42466255854818,106.07896576110107,85.74241044934088,13.09101713525889,27.32434230747147,41.49122317556654,27.60420058826248,98.37831199673839,242.76239990971862,72.41789359317654,147.43600597527754,37.05778714983888,44.55557648112337,52.862055522149674,136.73317259416623,220.08480103633153,147.6313240810675,100.23492647110808,89.39605571875865,6.730887884241549,81.04955305002542,38.83179973769822,73.8220692833791,94.46221288210394,33.692780587429304
2020-09-12,127.50895591335019,74.77325386681612,35.871706510913945,166.34612453293852,59.77643930588263,33.167000536228784,26.954351781497532,85.64703562670215,36.131825904110386,82.42954087760737,106.96569214582485,72.67606111286895,94.73634143134133,93.88548023208345,83.18208305463622,143.10300563854366,103.04416207796345,88.43529953960372,102.17703774355242,14.952998485357966,64.93893160074632,34.00796488590574,58.74721146002191,65.74897085483592,105.57267126074669,137.61680413004342,71.20281293215241,119.67485659695369,68.7627509775479,16.768269139545094,29.15947530958018,29.234620467381937,25.023696175728443,78.66069722553709,238.43204358700473,58.0284196388088,138.28759422295488,30.822215799610078,41.82943759754831,62.490501349398365,110.49361063753007,174.98267694105863,124.89065295451545,75.21758004179974,92.79597549312874,4.807777060172535,83.66216512434686,34.668904737072474,68.91175779665396,125.42864375963728,53.04453148892717
2020-09-19,130.77214096551526,75.73013280112639,74.5048887049737,180.59489615627788,61.7024256013133,60.08262924363958,33.68592766865613,74.24796973393964,57.952614881494696,91.54595756526864,114.11431945397673,53.88905211770556,116.39196112060839,102.92127706033726,92.06474120939916,177.4604049989382,131.39675297616392,104.99873200209595,90.62565473970238,14.878605458067625,69.65304151063239,38.31699456641513,50.356183131489715,91.0165769681426,116.49282344398752,159.57452427580648,115.83322261498647,138.38859227215767,71.39248791294986,19.71007074297406,33.46021645562637,40.585093014261055,27.748133105296247,88.87228591990682,322.28348874501023,59.705195438485426,180.56740875786048,34.212659537567184,43.751014002589756,67.49351731845896,141.04492888903908,226.86707533637255,154.45498972496526,104.54933236896647,174.83073702150807,5.2885547661897885,79.51478990322674,35.758874090548616,75.94243106173768,205.39520070128745,83.62720925290147
2020-09-26,150.6571748771462,96.37137838410487,44.99419334478865,185.39971449438067,61.089956897641514,72.13388493586092,29.731126834950455,72.60486113678468,44.350045129359025,81.2422649555677,83.37239648453301,50.852054422998684,170.61494685419947,108.36642973413213,86.0043323011328,193.4663890183102,192.87313348303684,110.3482730271441,82.3869588542749,16.66403811303574,53.39349750565694,41.62493654337183,62.942725624288,123.02221137833106,120.62568103949097,160.60072700426824,163.17701150285652,144.69543136711593,95.31984743629867,14.782553057230544,39.8662942359936,56.2754521231822,29.413637945258454,90.65526172368565,363.8811540268377,55.28227151790985,194.7449197883937,46.9920243960209,44.500897477727875,52.9564520498678,156.01954196717858,303.95892654683894,138.40619670841596,159.92271454004103,208.82993476520903,4.647517824833451,67.40070521780808,47.682876174359905,71.3111145458492,241.87478982157631,118.1839072912905
2020-10-03,147.16964585264478,120.56674572309291,49.088321472039645,191.19863317829785,55.85613342990092,70.24110846546881,47.96247819600498,99.51076441519712,36.556906208864625,74.07204958324986,78.13572088066945,50.56954300953759,190.5918363349962,110.55238232926428,111.55311495362821,202.6262491798914,155.3900472108396,133.51469545779202,79.03124982522348,16.81282416761642,63.63221341519895,61.70472468419673,69.07077972579361,126.39122552677196,117.26563421387841,137.69226021301856,229.14019562528418,196.80439700414803,108.85812277040513,35.00743908080467,53.2075985764772,76.49646203863071,44.207844517515326,86.87954825685988,361.3879185683055,68.07196447972898,182.91769133511465,45.75913576403649,49.25015948693597,84.48489230772135,109.11462551619687,322.4971429669511,127.45318833580752,114.20242757928273,208.29967204810544,6.250110178224296,63.20646699983914,47.1313254171792,73.31987833587311,294.6018795575871,155.50514117275068
2020-10-10,132.9136061559986,160.89235795473962,62.909438572759456,188.71338231376194,57.928909745219855,88.33535692554754,48.831973414762956,89.65211283226736,63.05357853854558,66.72025083462005,76.28969854549452,45.484337567237716,223.77473678909274,131.54384046302422,138.9140787012425,213.65611539522104,162.25508132662665,166.61917736593523,98.52017534009896,15.696928758261345,65.76596842704211,58.57088491655354,81.9276775465995,142.58022509270108,150.22769357313763,196.97055899828126,351.8972134531212,231.80218444092455,119.83159294529239,36.404794842433425,59.68122726489751,115.69851428037288,50.28899336219215,122.67254915197094,458.36165561332285,81.20385658433926,198.96531968518343,57.21077440343009,74.66808477963853,114.97497076067553,111.28992598928586,447.74314170770884,191.15049638506795,98.25533495602357,262.6048126644204,12.660479591787677,83.20525090507091,47.48589376108108,80.68534556596083,287.8864749690593,188.33400430922023
2020-10-17,151.71771001909983,188.23175607788997,75.30173243443866,205.51367815802485,53.66440658122424,116.81382859016283,78.31066615394498,96.94340723214249,58.94446892592126,109.69498322844721,85.84945706693611,40.822899245129506,273.12940491812,188.88366557576848,186.65465279724265,242.65705673725148,181.58015236256716,164.5599398165443,92.92732695834661,16.143286922003373,71.65447063026822,66.59409506241782,116.67334377572443,181.96222732263382,180.3673135988823,172.43224081476873,384.36419911338,281.4814661643252,138.0774220526493,39.199506365690944,65.98597868318511,172.6893323203752,50.10907771589993,133.227384525143,608.0870060441276,109.22141140036445,198.30825143777906,56.68916767451361,77.10520607383744,131.8719492222198,128.05139302746278,527.2087889231897,197.53487024931565,112.17800211002383,269.9037230057287,11.05788723839683,85.91158897308998,60.8806978640409,104.79051104624789,319.9005776621942,235.1583301512374
2020-10-24,238.49803750011475,235.25552084970852,86.73231834676359,228.51053282453069,76.10303272483556,156.82260829459798,90.37140628510411,92.93833002657729,52.709957789525745,110.6727398701269,96.26629738685178,43.43612981964472,342.01330113901844,248.7014297313701,215.04053863963725,257.9340553458402,197.57568185235098,194.3517352321891,104.90892906848529,16.66403811303574,72.11761125299387,95.14685738983357,145.26091642245405,195.61560045052587,170.7575796776304,191.9753663053276,460.0581224538679,304.12405242327367,167.5239825515331,45.08310957254887,96.83422669409234,224.00491408693796,56.241631030945946,138.89095472538168,736.5542436179733,133.29512109572164,232.93069370485657,57.47157776788833,91.40767110485723,229.10037277188798,119.0005892733603,625.0996146537818,262.8136287053163,137.67472697242758,306.3046989386636,18.750330534672887,83.58015487986144,60.31601494597494,106.6318778537698,669.0157415266536,343.66636199177896
2020-10-31,199.5029761267421,384.11854363026197,126.03869610537133,227.71525254787917,72.0258133793181,242.24065836669712,144.58864040959395,113.37449320369207,79.34832355412476,122.4337554743314,105.34571336189582,37.15025087013515,330.93368176311435,328.65047572878433,280.7989460830077,433.3976742195894,293.0683064029487,262.7542346989137,87.03332520219223,39.13073235471786,95.83702743115747,131.85340652009873,218.2268155036164,289.91253330004514,170.42157499506914,243.9193338254076,529.4832041827209,388.59433997378005,193.1395682556338,62.219103912522584,118.74323787264176,259.91628311130756,70.48066932321542,155.82445754629728,924.0717946833721,170.1670787314678,178.8489225723413,75.4433005187379,120.45784448026005,260.1568303911509,141.21972981991232,887.4605921603692,242.8551388498814,151.39736571549594,359.92361721519745,21.79525600611549,103.30947655321252,68.77312655607898,153.11243999515665,562.1360413875021,430.7492410485193
2020-11-07,202.011549635594,403.3928193070829,157.14307892448628,286.234626238152,94.1961681072715,358.012591652057,194.03767494734646,134.2214335300956,88.55839682379997,160.77112779619193,416.73954216574026,54.171563531166655,431.0979175351764,484.78431000564166,391.6093638665052,689.1764683509399,440.3576133571596,278.48949553828135,108.97449962291294,69.78065959833717,126.27198263884296,159.5936918707181,317.086747111729,469.56964567900883,192.36268076631916,346.32832963925506,575.1428266674651,602.9234783975253,259.24011640968837,85.09161137918278,165.45469079134764,342.4695099123486,92.86217572196678,158.37020374741468,1218.7984704656576,256.90600645045384,227.16871061223347,110.62804532383124,153.89796069970066,330.95422617974424,157.9035075554789,902.4946335254601,256.88318968004035,182.09482926212866,485.9389923386395,26.923551536966198,113.44359962176875,111.7546891335177,175.71103263292576,680.7118809762378,570.0127341432271
2020-11-14,251.36722354959073,525.8733228987963,215.27145512045598,375.7036573614456,135.91996582930807,542.9490082545892,295.0674097204517,219.457692007509,130.7830404293878,177.0158560000991,168.28942390257976,50.00452018261537,503.8988509091723,670.834917885914,581.7546933633621,1055.4757897606075,609.3061029466786,368.7825854757051,220.83146725795982,88.60209550279271,184.84273067711158,240.3480999573014,467.8048358958179,728.3099322792693,250.4914908494165,525.4912530554054,649.1525836048272,746.4299155090343,333.10001181758327,152.97368337830613,249.42046950132794,453.065080652738,159.06085266342754,170.4124413953969,1268.6631796363026,380.8334260122678,466.3668245231011,152.47513062099415,247.8442998193484,486.0477212206226,180.08380345072575,1153.6648584369798,393.9715110495062,231.64669492194426,652.098374339277,79.48858072818591,116.29052668033425,153.90892557518538,289.20618676927734,791.7822683777953,912.9879621742384
2020-11-21,303.17028625271126,556.4934487967247,306.1116402794613,386.20798434888417,208.46207514064696,615.4996513123713,359.69053823717417,300.48348470471285,162.5223698510377,264.138628757769,225.09228463441647,42.51796772589612,532.549179800399,657.3719751880965,657.9702769621724,812.9138180769364,670.8168086241304,442.5346259674779,316.8133498709558,99.0915123507304,262.6834367680724,261.34192469702225,532.9905094265392,832.040104744423,304.45384286875424,438.53566303486485,809.8969103031686,837.2070421544988,413.1933577390236,220.19385001665796,307.3904070955474,775.8858733830941,176.17340084933548,220.65994132007333,1137.4402607661843,453.78172827677065,523.6075776142914,181.3768852823208,334.05746560163425,610.9343273917012,213.72327148099507,907.9204529654929,450.523006149792,264.08233638426094,712.3611725418735,112.6622424433764,174.33034827759155,177.66500461661116,379.76795430285574,834.9600871388151,955.319917271265
